Arbeitspaket_ID,Arbeitspaket,Abhaengigkeit,Geplanter_Beginn,Geplantes_Ende,Geplanter_Aufwand_Stunden,Tatsaechlicher_Aufwand_Stunden,Status,Ergebnis,Abweichung,Begruendung,Nachweis
AP08,"Ausgangsmaterial sichern, Code analysieren und Anforderungen ableiten","-","2026-08-04","2026-08-04","8","","Erledigt","M01: Ausgangslage, Codeanalyse, Risiken, Anforderungen und Prüfsummen dokumentiert.","Prüfsummen des aktuellen lokalen Bestands wurden nachträglich zum Prüfzeitpunkt erzeugt.","Die Original-Ausgangsarchive lagen für eine rückwirkende Prüfsumme nicht als verifizierter Projektbeginn-Nachweis vor; daher wurde der Prüfzeitpunkt transparent dokumentiert.","dokumentation/00_projektuebersicht.docx; dokumentation/01_codeanalyse_und_anforderungen.docx; daten/codeanalyse.csv; textdateien/ausgangsmaterial_pruefsummen.txt"
AP09,"Eigenes Arbeitsgerät, Docker Desktop, Kubernetes und Werkzeuge vorbereiten","AP08","2026-08-05","2026-08-05","8","","Erledigt","WSL 2, Docker Desktop, lokaler Kubernetes-Cluster und benötigte CLI-Werkzeuge als Arbeitsumgebung genutzt.","Keine belastbar erfasste Zeitabweichung vorhanden.","Tatsächliche Stunden wurden im Projektverlauf nicht separat protokolliert und werden daher nicht nachträglich erfunden.","dokumentation/02_architektur_und_repositories.docx; screenshots/02_arbeitsumgebung/"
AP10,"GitHub Repositories, Branching und Zugriffskonzept","AP09","2026-08-06","2026-08-06","6","","Erledigt","Zwei getrennte Repositories pacman-app und pacman-gitops, Branch-/PR-Strategie und Git-Historie umgesetzt.","Im Projektverlauf wurden deutlich mehr Pull Requests und Test-/Fix-Branches verwendet als ursprünglich minimal vorgesehen.","Fehler- und GitOps-Tests erforderten zusätzliche isolierte Test- und Fix-Branches zur nachvollziehbaren Reproduktion.","Git-Historien und Pull Requests in pacman-app und pacman-gitops; dokumentation/02_architektur_und_repositories.docx"
AP11,"Reproduzierbares Docker Image für Pacman","AP10","2026-08-07","2026-08-07","8","","Erledigt","M02: Pacman-Image reproduzierbar gebaut; feste Basis node:16.19.0-bullseye-slim, npm ci und USER node nachgewiesen.","Zwischenzeitlich wurde node:22-alpine verwendet und anschließend auf die verbindlich vorgegebene Basisversion korrigiert.","AP29 T03 zeigte, dass der Build technisch erfolgreich war, die Projektvorgabe für das Basisimage jedoch nicht erfüllt war; Korrektur über PR #7.","Commit 7e11c2b; PR #7; Docker-Build- und Non-Root-Nachweise"
AP12,"Lokaler Integrationsstack mit Docker Compose","AP11","2026-08-10","2026-08-10","8","","Erledigt","M03: Lokale Pacman-/MongoDB-Umgebung über Docker Compose reproduzierbar gestartet, Healthchecks und Persistenz geprüft.","Keine wesentliche Planabweichung dokumentiert.","Compose ersetzte die historischen Einzelbefehle und ermöglichte reproduzierbare lokale Integrations- und Persistenztests.","compose.yaml; Tests T05-T08; screenshots/21_tests/"
AP13,"GitHub Actions CI Workflow","AP12","2026-08-11","2026-08-11","8","","Erledigt","M04: CI-Workflow mit Checkout, npm ci, Tests, Docker-/Compose-Prüfungen und Build erfolgreich ausgeführt.","Mehrere kontrollierte Fehlerläufe wurden zusätzlich zur Positivprüfung durchgeführt.","Die Prüfungsanforderung verlangt nachvollziehbare fehlerhafte CI-Läufe; diese wurden über Testbranches und Nachtests dokumentiert.","pacman-app/.github/workflows/ci.yml; GitHub Actions Runs; daten/testprotokoll.csv"
AP14,"Release Workflow und GitHub Container Registry","AP13","2026-08-12","2026-08-13","9","","Erledigt","M05: Release-Workflow, Security Scan, GHCR-Veröffentlichung, Commit-SHA-Tag und Digest-Nachweis umgesetzt.","Zusätzlicher Aufwand durch fehlgeschlagene Trivy-Security-Scans.","Der Release wurde bewusst durch das Security Gate bei HIGH/CRITICAL-Funden gestoppt; Ursache analysiert und Nachtest erfolgreich durchgeführt.","Fehler-Run 32476069886; erfolgreicher Release-Run 32584467096; dokumentation/04_github_actions_und_registry.docx"
AP15,"Kubernetes Zielarchitektur, Namespaces und Kustomize","AP14","2026-08-14","2026-08-14","8","","Erledigt","M06: Gemeinsame Kustomize-Base sowie getrennte Dev-/Prod-Overlays und Namespaces umgesetzt und validiert.","Keine belastbar erfasste Zeitabweichung vorhanden.","Dev und Prod werden aus gemeinsamer Base mit kontrollierten Overlay-Unterschieden gerendert.","pacman-gitops/apps/pacman/base/; pacman-gitops/apps/pacman/overlays/dev/; pacman-gitops/apps/pacman/overlays/prod/"
AP16,"Pacman Deployment, Service und Image Pull","AP15","2026-08-17","2026-08-17","6","","Erledigt","Deployment, ClusterIP-Service Port 80→8080, unveränderlicher Image-Tag und RollingUpdate-Betrieb umgesetzt.","Zusätzliche kontrollierte ImagePull- und Service-Fehlerfälle wurden getestet.","Negativtests dienten der Fehleranalyse und führten zu zusätzlichen Test-/Fix-Commits.","AP28 D02/D04; Tests T16 und F03/F04; pacman-gitops/apps/pacman/base/deployment.yaml"
AP17,"MongoDB StatefulSet, Service, Persistenz und Initialisierung","AP15","2026-08-17","2026-08-18","8","","Erledigt","M07: MongoDB als StatefulSet mit Headless Service und persistentem PVC; Datenpersistenz nach Pod-Neuerstellung geprüft.","Zusätzliche Fehleranalyse bei schreibgeschütztem Datenmount.","AP28 D05 wurde kontrolliert reproduziert und anschließend der beschreibbare Datenmount wiederhergestellt.","StatefulSet/PVC-Nachweise; AP28 D05; Tests T17/T24"
AP18,"ConfigMaps, Secrets und sichere Bereitstellung","AP17","2026-08-18","2026-08-18","6","","Erledigt","ConfigMap-/Secret-Trennung, create-local-secrets.sh und Argo-CD-Verhalten für extern verwaltete Secrets dokumentiert.","Secret-Rotation wurde zusätzlich praktisch als Fehler-/Restore-Fall bewertet.","Kubernetes-Secret-Werte dürfen nicht in Git oder Screenshots erscheinen; daher wurden nur Referenzen und Schlüsselnamen nachgewiesen.","dokumentation/06_kubernetes_sicherheit_und_betrieb.docx; AP28 D11; F05"
AP19,"Probes, Ressourcen, SecurityContext und Pod Sicherheit","AP18","2026-08-19","2026-08-19","6","","Erledigt","Startup-/Readiness-/Liveness-Probes sowie Requests/Limits und SecurityContext umgesetzt und getestet.","Zusätzliche Wiederholungstests durch Readiness- und Liveness-Fehlerfälle.","Kontrollierte Probe-Fehler waren für den Nachweis von Restart- und Readiness-Verhalten erforderlich.","Tests T23-T25; F06; AP28 D10"
AP20,"Ingress und NetworkPolicies","AP19","2026-08-20","2026-08-20","7","","Erledigt mit dokumentierter Plattformgrenze","Ingress und NetworkPolicy-Konzept mit positiven und negativen Verbindungstests umgesetzt.","NetworkPolicy-Durchsetzung war in der lokalen Docker-Desktop-Konstellation nicht vollständig reproduzierbar.","Die technische Einschränkung der lokalen Netzwerklösung wurde transparent dokumentiert; die YAML-Regeln wurden dennoch fachlich korrekt umgesetzt.","Tests T19-T22; AP28 D13; screenshots/21_tests/"
AP21,"HPA, PDB, LimitRange und ResourceQuota","AP19","2026-08-21","2026-08-21","6","","Erledigt","HPA, PDB, LimitRange, ResourceQuota und metrics-server eingerichtet; Skalierung und Rückskalierung getestet.","Zusätzliche Analyse eines HPA-/Argo-CD-Replicas-Konflikts.","Dynamisch vom HPA verwaltete Replicas mussten in Argo CD gezielt über ignoreDifferences behandelt werden.","Test T26; AP28 D07; Commit 13ddb74"
AP22,"Argo CD Installation, AppProject und Applications","AP15; AP21","2026-08-24","2026-08-24","7","","Erledigt","M08: Argo CD mit getrennten Applications für pacman-dev und pacman-prod; Dev Auto-Sync/Self-Heal, Prod kontrollierter manueller Sync.","Drift-/Self-Heal-Test ergänzte die reine Installationsprüfung.","Der GitOps-Sollzustand wurde bewusst gegen eine kontrollierte Live-Abweichung getestet.","Test T27; Argo CD Synced/Healthy; pacman-gitops/clusters/docker-desktop/argocd/"
AP23,"GitOps Releasefluss und Promotion von dev nach prod","AP22; AP14","2026-08-24","2026-08-25","8","","Erledigt","M09: Geprüften Dev-Commit-SHA über PR #36 nach Prod promotet und über PR #37 auf vorherigen Stand zurückgerollt.","Prod synchronisiert nicht automatisch; nach Git-Merge war ein manueller Argo-CD-Sync erforderlich.","Die manuelle Prod-Synchronisierung ist eine bewusste Freigabekontrolle und kein Fehler; Git bleibt dennoch der verbindliche Sollzustand.","PR #36, Merge f62e055; PR #37, Merge f051d60; Tests T28/T29"
AP24,"Monitoring, Grafana und Alerts","AP21; AP22","2026-08-25","2026-08-25","7","","Erledigt","M10: Prometheus-/Grafana-Monitoring und betriebliche Alert-Szenarien in den Projektbetrieb integriert.","Keine belastbar erfasste Zeitabweichung vorhanden.","Monitoring wurde vor Projektabschluss bearbeitet und nicht ausschließlich auf den letzten Tag verschoben.","dokumentation/08_monitoring_backup_restore.docx; screenshots/17_monitoring/"
AP25,"MongoDB Backup CronJob und praktischer Restore Job","AP17; AP18","2026-08-25","2026-08-26","7","","Erledigt","M11: Backup-CronJob erfolgreich nachgewiesen; mehrere Jobs SUCCEEDED=1 und Backup-Dateierstellung im Log bestätigt.","Backup-Fehlerfall mit falschem MongoDB-Hostname erforderte zusätzlichen Fix und Nachtest.","Der fehlerhafte Hostname wurde kontrolliert reproduziert; nach Fix liefen Backups wieder erfolgreich.","Commit 374dbfe; Fix a3c4118; Job mongodb-backup-29791890; F08"
AP26,"Betriebsautomatisierung und Diagnosewerkzeuge","AP22; AP24; AP25","2026-08-26","2026-08-26","5","","Umgesetzt; Detailnachweise weiter zu konsolidieren","Betriebs- und Diagnoseverfahren sind Bestandteil der Übergabe; Projektstatus, kubectl-/Argo-CD- und Fehlerdiagnose wurden praktisch verwendet.","Die endgültige Konsolidierung der Übergabe-/Betriebsdokumentation erfolgt nach den technischen AP-Dokumenten.","Technische Umsetzung ist vorhanden; die separate Abschlussdokumentation wird aktuell schrittweise mit echten Daten konsolidiert.","dokumentation/10_uebergabe_und_betriebsanleitung.docx; Betriebsbefehle und Diagnoseausgaben"
AP27,"Verbindliche Anforderungen an GitHub Actions und Skripte","AP13-AP26","2026-08-11","2026-08-26","2","","Querschnittsvorgabe","Security-, Fehlerbehandlungs- und Least-Privilege-Anforderungen wurden als Querschnittsvorgaben berücksichtigt.","Kein eigenständiges technisches Arbeitspaket; Anforderungen liefen parallel zu CI, Release, GitOps und Betrieb.","Abschnitt 27 der Prüfungsaufgabe definiert verbindliche Qualitätsregeln statt eines separaten Implementierungsartefakts.","GitHub Actions Workflows; Skripte; Security- und Fehlernachweise"
AP28,"DevOps Fälle","AP13-AP26","2026-08-17","2026-08-25","7","","Erledigt","M12: 15 DevOps-Fälle mit Diagnose, Ursache, Maßnahme und Nachtest dokumentiert.","Umfang über den Projektverlauf verteilt statt erst am Ende durchgeführt.","Die Prüfungsanforderung verlangt realistische Betriebsfälle; sie wurden begleitend zur technischen Umsetzung reproduziert.","daten/devopsfaelle.csv; dokumentation/AP29_09_tests_fehler_und_devopsfaelle.docx; screenshots/20_devopsfaelle/"
AP29,"Testkonzept und Testprotokoll","AP08-AP28","2026-08-17","2026-08-26","8","","Erledigt","30 Tests T01-T30 konsolidiert; positive und negative Tests sowie GitOps-Promotion/Rollback und Prod-Abnahme dokumentiert.","Testdurchführung wurde über mehrere Projekttage verteilt und später konsolidiert.","Tests begannen während der Umsetzung; die abschließende CSV-/Word-Konsolidierung erfolgte nach Vorliegen der Nachweise.","daten/testprotokoll.csv; AP29_09_tests_fehler_und_devopsfaelle.docx; screenshots/21_tests/"
AP30,"Fehlerprotokoll und kontrollierte Fehleranalyse","AP28; AP29","2026-08-18","2026-08-26","7","","Erledigt","Acht Pflichtfehler F01-F08 mit Symptom, Hypothese, Prüfung, Ursache, Maßnahme und erfolgreichem Nachtest dokumentiert.","Fehlerfälle wurden aus realen bzw. kontrolliert reproduzierten Projektproblemen konsolidiert.","Die Fehleranalyse wurde bewusst nicht nur als Enddokumentation geführt, sondern mit technischen Nachtests abgeschlossen.","daten/fehlerprotokoll.csv; screenshots/22_fehleranalyse/; konsolidierte Fehlerdokumentation"
