Metrik_oder_Alert,Quelle,Namespace,Workload,Schwellenwert,Dauer,Erwartete_Reaktion,Testverfahren,Ausgeloest,Aufgeloest,Screenshot,Bemerkung
Pod-Status,kube-state-metrics/Prometheus,pacman-dev; pacman-prod,pacman; mongodb,n/a (Zustandsmetrik),n/a,laufende Betriebspruefung ueber Betriebscheck/Dashboard,kubectl get pods + Grafana-Dashboard,n/a,n/a,screenshots/17_monitoring/,Grundlage fuer woechentlichen Betriebscheck (Abschnitt 13 der Betriebsanleitung)
Restart-Anzahl,kube_pod_container_status_restarts_total,pacman-dev; pacman-prod,pacman,>=2 Neustarts in 5 Minuten,1m,Alert PacmanContainerRestarts feuert,kontrollierter Fehlerfall (Liveness-Probe auf falschen Pfad gesetzt; F06/D10),ja (dokumentiert in D10/F06),ja (nach Ruecksetzung der Probe-Konfiguration),screenshots/17_monitoring/; screenshots/20_devopsfaelle/,PrometheusRule platform/monitoring/pacman-alerts.yaml
CPU/Speicher,kube_pod_container_resource_requests/limits,pacman-dev; pacman-prod,pacman; mongodb,n/a (Beobachtungsmetrik),n/a,Kapazitaetsplanung; Basis fuer HPA/Quota-Bewertung,Grafana-Dashboard; kubectl top pods,n/a,n/a,screenshots/17_monitoring/,ergaenzt durch D14 (OOMKilled-Testfall)
Gewuenschte/verfuegbare Repliken,kube_deployment_status_replicas / kube_deployment_status_replicas_available,pacman-dev; pacman-prod,pacman,n/a (Beobachtungsmetrik); Alert bei unavailable>0,1m (Alert),Alert PacmanReplicasUnavailable feuert bei nicht verfuegbaren Replikaten,kontrollierter Ausfall (D03/D08-Testfaelle),ja,ja,screenshots/17_monitoring/; screenshots/20_devopsfaelle/,PrometheusRule platform/monitoring/pacman-alerts.yaml
PVC-Belegung,kubelet_volume_stats,pacman-dev; pacman-prod,mongodb-data; mongodb-backup,n/a (Beobachtungsmetrik),n/a,fruehzeitiges Erkennen von Speicherengpaessen,Grafana-Dashboard,n/a,n/a,screenshots/17_monitoring/,Teil des woechentlichen Betriebschecks (Punkt 6)
HPA-Werte,kube_horizontalpodautoscaler_*,pacman-prod,pacman,Ziel 60% CPU; min 3 / max 6,n/a,Skalierungsverhalten nachvollziehbar,D07 (HPA skaliert trotz Last nicht) + load-test.sh,ja (im Fehlerfall D07),ja (nach Fix),screenshots/14_hpa_quota/; screenshots/20_devopsfaelle/,ergaenzt Betriebscheck Punkt 7
PacmanReplicasUnavailable (eigener Alert 1),Prometheus/PrometheusRule pacman-alerts,pacman-dev; pacman-prod,pacman (Deployment),kube_deployment_status_replicas_unavailable > 0,1m,warning-Alert; Ursachendiagnose ueber kubectl describe/Events/Logs,kontrollierter Ausfall + Ruecknahme,ja,ja,screenshots/17_monitoring/,platform/monitoring/pacman-alerts.yaml Zeile PacmanReplicasUnavailable
PacmanContainerRestarts (eigener Alert 2),Prometheus/PrometheusRule pacman-alerts,pacman-dev; pacman-prod,pacman (Container),increase(kube_pod_container_status_restarts_total[5m]) >= 2,1m,warning-Alert; Ursachendiagnose ueber kubectl logs --previous,kontrollierter Ausfall + Ruecknahme,ja,ja,screenshots/17_monitoring/,platform/monitoring/pacman-alerts.yaml Zeile PacmanContainerRestarts
Fehlende Anwendungsmetriken,n/a,n/a,pacman,n/a,n/a,dokumentierte Einschraenkung statt Fehlbehauptung,Codeanalyse (kein eigener /metrics-Endpoint in der Legacy-Anwendung),n/a,n/a,n/a,"Legacy-Anwendung stellt keinen eigenen Prometheus-Endpoint bereit; nur Plattform-/Kubernetes-Metriken verfuegbar (bekannte Einschraenkung, s. Betriebsanleitung Abschnitt 14)"
